variant,pages,basis,note,K_pages,chunksPerPage_mean,chunksPerPage_CI95,chunksPerPage_median,chunksPerPage_p90,chunksPerPage_p99,chunksPerPage_max,structuredFraction,charsPerChunk_mean,charsPerChunk_median,payloadBytesPerPoint_total,payloadBytesPerPoint_text,payloadBytesPerPoint_keywords,payloadBytesPerPoint_archive,payloadBytesPerPoint_titles,payloadBytesPerPoint_source,payloadBytesPerPoint_fixed,estTotalChunks,estTotalChunks_CI95,estPayloadJsonGB,estVectorGB_768xf32,tokensPerChunk_nomic,charsPerToken_nomic,tokensPerChunk_embeddinggemma,tokensPerChunk_qwen3,tokensSample,lookup
"wikipedia_en_top_mini_2026-09 (best 50k, intro+infobox)",50002,MEASURED (K=1000 random pages of the mini ZIM),sampled the mini pages themselves,1000,1.25,"[1.222, 1.278]",1.0,2.0,2.0,4,0.0,1766.3272,1774.5,3512.252,1781.2744,1068.3312,217.0,164.9,61.0,219.7464,62502.5,"[61102.443999999996, 63902.556000000004]",0.21952453063,0.19200768,360.874,4.759434040690103,363.238,371.168,500,
"wikipedia_en_top1m_mini_2026-04 (best 1M, intro+infobox)",1774449,MEASURED (K=1000 random pages of the mini ZIM),sampled the mini pages themselves,1000,1.026,"[1.01, 1.05]",1.0,1.0,2.0,11,0.0,595.9142300194932,392.5,1679.583820662768,607.8986354775828,377.9395711500975,230.0,181.98538011695908,63.0,218.76023391812865,1820584.674,"[1792193.49, 1863171.4500000002]",3.057824562597,5.592836118528,134.404,4.458825630189578,135.912,139.434,500,
"best-50k selection, FULL text (= top_nopic/top_maxi core 50k pages)",50002,MEASURED on 999 of 1000 sampled paths found in local maxi_2026-02 (hit rate 99.9%),"same articles, full text, local maxi 2026-02 build",999,17.59259259259259,"[16.8508008008008, 18.31136136136136]",14,32.200000000000045,61.039999999999964,85,0.0,2906.9401422475107,3000,5057.551123755335,2946.157211948791,1485.1890184921763,181.0,162.83812233285917,61.0,221.3667709815078,879664.8148148147,"[842573.7416416417, 915604.6907907907]",4.448949772694695,2.7023303111111106,715.641,4.083358834946573,799.465,819.45,1000,"{""requested"": 1000, ""resolved_to_html_page"": 999, ""hit_rate"": 0.999, ""via_redirect"": 0}"
"best-1M selection, FULL text (= top1m_nopic/top1m_maxi)",1774449,MEASURED on 994 of 1000 sampled paths found in local maxi_2026-02 (hit rate 99.4%),"same articles, full text, local maxi 2026-02 build",994,4.210261569416499,"[3.835990945674044, 4.618762575452716]",2.0,10.0,31.0,67,0.0,2474.853524492234,3000,4398.2238948626045,2518.2136200716845,1237.7859020310634,181.0,179.77777777777777,61.0,220.44659498207886,7470894.431589537,"[6806770.297560362, 8195758.633249496]",32.85866640501308,22.950587693843058,625.81,4.030614723318579,705.532,725.382,1000,"{""requested"": 1000, ""resolved_to_html_page"": 994, ""hit_rate"": 0.994, ""via_redirect"": 2}"
"wikipedia_en_top_nopic/top_maxi_2026-09 (224,147 pages, full text) [low proxy]",224147,"EXTRAPOLATED: proxy = best-1M full-text chunks/page (lower: extra pages are less popular, hence shorter [inference])","the 224,147 pages = 50k selection + ~174k extra pages of unknown content [inference]",994,4.210261569416499,"[3.835990945674044, 4.618762575452716]",2.0,10.0,31.0,67,0.0,2474.853524492234,3000,4398.2238948626045,2518.2136200716845,1237.7859020310634,181.0,179.77777777777777,61.0,220.44659498207886,943717.5,"[859825.8624999999, 1035281.7749999999]",4.1506808585,2.89910016,,,,,,
"wikipedia_en_top_nopic/top_maxi_2026-09 (224,147 pages, full text) [high proxy]",224147,EXTRAPOLATED: proxy = best-50k full-text chunks/page (upper),"the 224,147 pages = 50k selection + ~174k extra pages of unknown content [inference]",999,17.59259259259259,"[16.8508008008008, 18.31136136136136]",14,32.200000000000045,61.039999999999964,85,0.0,2906.9401422475107,3000,5057.551123755335,2946.157211948791,1485.1890184921763,181.0,162.83812233285917,61.0,221.3667709815078,3943326.8518518517,"[3777056.447097097, 4104436.715065065]",19.943577150917918,12.11390008888889,,,,,,
"wikipedia_en_all_mini_2026-09 (7,331,817 pages, intro+infobox)",7331817,"EXTRAPOLATED: best-1M mini chunks/page x pages (rank<1M intros are longer than the tail, so probably an over-estimate [inference])",all_mini not sampled (14.4 GB download skipped),1000,1.026,"[1.01, 1.05]",1.0,1.0,2.0,11,0.0,595.9142300194932,392.5,1679.583820662768,607.8986354775828,377.9395711500975,230.0,181.98538011695908,63.0,218.76023391812865,7522444.242000001,"[7405135.17, 7698407.850000001]",12.634575640701,23.108948711424002,,,,,,
"wikipedia_en_all_nopic_2026-06 (8,516,991 pages, full text, no images)",8516991,EXTRAPOLATED: uniform full-text sample of the installed maxi_2026-02 (K=13008) x pages of the 2026-06 nopic build (same text as maxi [inference]),proxy from zim_sampling.json,13008,2.344787822878229,"[2.2865909440344403, 2.4055984778597783]",1.0,4.0,17.0,76,0.0,2162.1805842431395,2999,3964.330480967837,2203.7316809284944,1105.7198452509754,181.0,192.84980820300973,61.0,220.02914658535786,19970536.78436347,"[19474874.491022833, 20488460.58554543]",79.16980769554152,61.349489001564585,544.56,3.9886789334508594,,,2000,
"wikipedia_en_all_maxi_2026-02 (installed, 8,425,786 pages, full text)",8425786,MEASURED (K=13008 random pages),zim_sampling.json,13008,2.344787822878229,"[2.2865909440344403, 2.4055984778597783]",1.0,4.0,17.0,76,0.0,2162.1805842431395,2999,3964.330480967837,2203.7316809284944,1105.7198452509754,181.0,192.84980820300973,61.0,220.02914658535786,19756680.41097786,"[19266325.96397217, 20269057.97637223]",78.3220103559797,60.69252222252398,544.56,3.9886789334508594,,,2000,
