file,class,realHtmlPages,K_articles,sampleDraws,sampleRejected,sampleFinished,sampleSource,chunksPerPage_mean,chunksPerPage_CI95,chunksPerPage_median,chunksPerPage_p90,chunksPerPage_p99,chunksPerPage_max,zeroChunkFraction,structuredFraction,sectionsPerPage_mean,htmlBytes_mean,htmlBytes_median,truncatedChunks,nChunks_sampled,charsPerChunk_mean,charsPerChunk_median,charsPerChunk_p10,charsPerChunk_p90,fracChunks_ge2990chars,charsPerChunk_CI95,payloadBytesPerPoint_total,payloadBytesPerPoint_text,payloadBytesPerPoint_keywords,payloadBytesPerPoint_archive,payloadBytesPerPoint_titles,payloadBytesPerPoint_source,payloadBytesPerPoint_fixed,payloadBytesPerPoint_note,estTotalChunks,estTotalChunks_CI95,estTotalPayloadBytes_withText,estTotalTextBytes,estTotalChars,productionPoints,productionOverEstimate,tokens,chainChunksPerArticle_firstRegion,firstRegion_sample
devdocs_en_python_2026-08.zim,devdocs,497,150,152,2,True,dataset run (seed 101),13.713333333333333,"[10.892999999999999, 16.707166666666666]",6.0,41.0,73.11999999999989,118,0.0,0.58,7.566666666666666,37720.513333333336,18286.5,0,2057,1854.9309674282936,2125,267.6,3000.0,0.42732134175984443,"[1690.5341001830684, 2026.8520625413069]",3253.242586290715,1870.2668935342733,687.5376762275158,192.0,205.89256198347107,57.0,240.54545454545453,JSON bytes of the Qdrant payload (text included in total; archive = 6 archive_* fields; titles = article_title+section_title+full_title+hierarchy+article_path; fixed = other keys),6815.526666666667,"[5413.820999999999, 8303.461833333333]",22172561.6,12746853.886666667,12642331.473333333,6387,0.9371249372755737,"{""n"": 1324, ""chars_mean"": 1715.5558912386707, ""chars_median"": 1606.0, ""class"": ""devdocs"", ""nomic-embed-text-v1.5"": {""mean"": 423.41238670694867, ""median"": 379, ""p10"": 58, ""p90"": 788, ""p99"": 995, ""max"": 1361, ""n"": 1324, ""chars_per_token"": 4.05173760876778, ""frac_gt_512"": 0.44033232628398794, ""frac_gt_1024"": 0.006797583081570997, ""frac_gt_2048"": 0.0, ""frac_gt_8192"": 0.0}, ""embeddinggemma-300m"": {""mean"": 384.7046827794562, ""median"": 350, ""p10"": 49, ""p90"": 711, ""p99"": 863, ""max"": 1214, ""n"": 1324, ""chars_per_token"": 4.459409952704334, ""frac_gt_512"": 0.41918429003021146, ""frac_gt_1024"": 0.0015105740181268882, ""frac_gt_2048"": 0.0, ""frac_gt_8192"": 0.0}, ""qwen3-embedding-0.6b"": {""mean"": 371.4818731117825, ""median"": 343, ""p10"": 48, ""p90"": 683, ""p99"": 805, ""max"": 1170, ""n"": 1324, ""chars_per_token"": 4.618141598318159, ""frac_gt_512"": 0.41012084592145015, ""frac_gt_1024"": 0.0015105740181268882, ""frac_gt_2048"": 0.0, ""frac_gt_8192"": 0.0}}",,
diy.stackexchange.com_en_all_2026-08.zim,stackexchange,177225,556,1648,1092,True,mixed-dataset run (seed 11; stops when >= min kept chunks AND >= min articles),2.3399280575539567,"[2.053956834532374, 2.6402877697841727]",1.0,3.5,16.0,20,0.0,0.07733812949640288,1.960431654676259,20563.751798561152,16813.0,0,1301,838.4934665641814,100,5,3000,0.13758647194465795,"[720.1657414151017, 989.0265575281812]",2153.029976940815,851.3520368946964,438.6003074558032,229.0,337.58877786318214,68.0,228.48885472713297,JSON bytes of the Qdrant payload (text included in total; archive = 6 archive_* fields; titles = article_title+section_title+full_title+hierarchy+article_path; fixed = other keys),414693.75,"[364012.5, 467925.0]",892848075.0,353050368.75,347718000.0,519821,1.2535057497249475,"{""n"": 1301, ""chars_mean"": 838.4934665641814, ""chars_median"": 100, ""class"": ""stackexchange"", ""nomic-embed-text-v1.5"": {""mean"": 213.55342044581093, ""median"": 31, ""p10"": 8, ""p90"": 726, ""p99"": 797, ""max"": 859, ""n"": 1301, ""chars_per_token"": 3.9263874341780856, ""frac_gt_512"": 0.21445042275172943, ""frac_gt_1024"": 0.0, ""frac_gt_2048"": 0.0, ""frac_gt_8192"": 0.0}, ""embeddinggemma-300m"": {""mean"": 230.3989239046887, ""median"": 41, ""p10"": 4, ""p90"": 773, ""p99"": 869, ""max"": 1003, ""n"": 1301, ""chars_per_token"": 3.639311557336305, ""frac_gt_512"": 0.23136049192928518, ""frac_gt_1024"": 0.0, ""frac_gt_2048"": 0.0, ""frac_gt_8192"": 0.0}, ""qwen3-embedding-0.6b"": {""mean"": 230.39815526518063, ""median"": 41, ""p10"": 4, ""p90"": 772, ""p99"": 868, ""max"": 981, ""n"": 1301, ""chars_per_token"": 3.6393236985734685, ""frac_gt_512"": 0.23136049192928518, ""frac_gt_1024"": 0.0, ""frac_gt_2048"": 0.0, ""frac_gt_8192"": 0.0}}",2.61480122324159,"{""articles_in_region"": 308, ""chunksPerPage_mean"": 2.7435064935064934, ""CI95"": [2.366883116883117, 3.146103896103896], ""entryIndexCutoff_est"": 441168, ""production_chain_ratio"": 2.61480122324159}"
electronics.stackexchange.com_en_all_2026-08.zim,stackexchange,352283,444,1555,1111,True,mixed-dataset run (seed 11; stops when >= min kept chunks AND >= min articles),2.9279279279279278,"[2.560810810810811, 3.2996058558558556]",1.0,5.0,16.0,20,0.0,0.0945945945945946,2.286036036036036,25901.743243243243,22851.5,0,1300,963.9530769230769,104.5,4.0,3000.0,0.19076923076923077,"[809.049411609018, 1138.1614762154727]",2358.7153846153847,978.5546153846154,488.77,243.0,343.2853846153846,76.0,229.10538461538462,JSON bytes of the Qdrant payload (text included in total; archive = 6 archive_* fields; titles = article_title+section_title+full_title+hierarchy+article_path; fixed = other keys),1031459.2342342342,"[902130.114864865, 1162395.0497184685]",2432918764.391892,1009339194.240991,994278302.5608107,418950,0.4061721356453149,"{""n"": 1300, ""chars_mean"": 963.9530769230769, ""chars_median"": 104.5, ""class"": ""stackexchange"", ""nomic-embed-text-v1.5"": {""mean"": 256.5515384615385, ""median"": 32, ""p10"": 8, ""p90"": 766, ""p99"": 995, ""max"": 1491, ""n"": 1300, ""chars_per_token"": 3.757346701967216, ""frac_gt_512"": 0.26692307692307693, ""frac_gt_1024"": 0.008461538461538461, ""frac_gt_2048"": 0.0, ""frac_gt_8192"": 0.0}, ""embeddinggemma-300m"": {""mean"": 268.78846153846155, ""median"": 42, ""p10"": 4, ""p90"": 815, ""p99"": 992, ""max"": 1207, ""n"": 1300, ""chars_per_token"": 3.586288903198111, ""frac_gt_512"": 0.28076923076923077, ""frac_gt_1024"": 0.006923076923076923, ""frac_gt_2048"": 0.0, ""frac_gt_8192"": 0.0}, ""qwen3-embedding-0.6b"": {""mean"": 269.42923076923074, ""median"": 42, ""p10"": 4, ""p90"": 823, ""p99"": 971, ""max"": 1187, ""n"": 1300, ""chars_per_token"": 3.5777598227592233, ""frac_gt_512"": 0.28, ""frac_gt_1024"": 0.006153846153846154, ""frac_gt_2048"": 0.0, ""frac_gt_8192"": 0.0}}",2.1216088486676723,"{""articles_in_region"": 125, ""chunksPerPage_mean"": 2.032, ""CI95"": [1.864, 2.216], ""entryIndexCutoff_est"": 878520, ""production_chain_ratio"": 2.1216088486676723}"
gutenberg_en_lcc-s_2026-03.zim,gutenberg,2040,92,1871,1779,True,mixed-dataset run (seed 11; stops when >= min kept chunks AND >= min articles),64.41304347826087,"[37.56494565217392, 100.2945652173913]",1.0,190.4000000000001,569.0500000000026,1247,0.0,0.32608695652173914,25.945652173913043,236440.1847826087,96445.0,0,5926,2232.190178872764,2999.0,420.0,3000.0,0.5734053324333446,"[2058.8134187161845, 2418.4951676640176]",4289.472831589605,2252.700303746203,1175.2694903813701,191.0,371.47856901788725,58.0,241.02446844414445,JSON bytes of the Qdrant payload (text included in total; archive = 6 archive_* fields; titles = article_title+section_title+full_title+hierarchy+article_path; fixed = other keys),131402.6086956522,"[76632.4891304348, 204600.91304347824]",563647920.0000001,296010696.5217392,293315612.6086957,105428,0.8023280591345548,"{""n"": 1300, ""chars_mean"": 2085.6323076923077, ""chars_median"": 2999.0, ""class"": ""gutenberg"", ""nomic-embed-text-v1.5"": {""mean"": 483.80615384615385, ""median"": 630, ""p10"": 56, ""p90"": 723, ""p99"": 896, ""max"": 1292, ""n"": 1300, ""chars_per_token"": 4.3108842066434745, ""frac_gt_512"": 0.5907692307692308, ""frac_gt_1024"": 0.0015384615384615385, ""frac_gt_2048"": 0.0, ""frac_gt_8192"": 0.0}, ""embeddinggemma-300m"": {""mean"": 472.08230769230767, ""median"": 607, ""p10"": 50, ""p90"": 705, ""p99"": 979, ""max"": 1810, ""n"": 1300, ""chars_per_token"": 4.4179421124412785, ""frac_gt_512"": 0.5838461538461538, ""frac_gt_1024"": 0.009230769230769232, ""frac_gt_2048"": 0.0, ""frac_gt_8192"": 0.0}, ""qwen3-embedding-0.6b"": {""mean"": 485.79692307692306, ""median"": 623, ""p10"": 55, ""p90"": 722, ""p99"": 1028, ""max"": 1821, ""n"": 1300, ""chars_per_token"": 4.293218438853842, ""frac_gt_512"": 0.5930769230769231, ""frac_gt_1024"": 0.010769230769230769, ""frac_gt_2048"": 0.0, ""frac_gt_8192"": 0.0}}",,
ifixit_en_all_2025-12.zim,ifixit,253845,950,3288,2338,True,mixed-dataset run (seed 11; stops when >= min kept chunks AND >= min articles),1.3694736842105264,"[1.268421052631579, 1.4947368421052631]",1.0,2.0,8.0,33,0.0,0.028421052631578948,1.2126315789473685,25496.22,5085.0,0,1301,714.5772482705611,76,43,2999,0.10530361260568794,"[627.4147363588428, 803.7837978819288]",1814.445810914681,725.0245964642583,352.0338201383551,247.0,214.78554957724828,53.0,222.60184473481937,JSON bytes of the Qdrant payload (text included in total; archive = 6 archive_* fields; titles = article_title+section_title+full_title+hierarchy+article_path; fixed = other keys),347634.04736842104,"[321982.34210526315, 379431.4736842105]",630763140.9789474,252043234.9105263,248411380.9736842,190783,0.5488041273408671,"{""n"": 1301, ""chars_mean"": 714.5772482705611, ""chars_median"": 76, ""class"": ""ifixit"", ""nomic-embed-text-v1.5"": {""mean"": 175.65488086087626, ""median"": 30, ""p10"": 20, ""p90"": 658, ""p99"": 765, ""max"": 1120, ""n"": 1301, ""chars_per_token"": 4.0680751070989425, ""frac_gt_512"": 0.14373558800922367, ""frac_gt_1024"": 0.0015372790161414297, ""frac_gt_2048"": 0.0, ""frac_gt_8192"": 0.0}, ""embeddinggemma-300m"": {""mean"": 176.2044581091468, ""median"": 29, ""p10"": 18, ""p90"": 659, ""p99"": 779, ""max"": 1105, ""n"": 1301, ""chars_per_token"": 4.055386883729858, ""frac_gt_512"": 0.14757878554957723, ""frac_gt_1024"": 0.0007686395080707148, ""frac_gt_2048"": 0.0, ""frac_gt_8192"": 0.0}, ""qwen3-embedding-0.6b"": {""mean"": 178.46887009992312, ""median"": 31, ""p10"": 19, ""p90"": 663, ""p99"": 783, ""max"": 1107, ""n"": 1301, ""chars_per_token"": 4.003932158423346, ""frac_gt_512"": 0.1506533435818601, ""frac_gt_1024"": 0.0007686395080707148, ""frac_gt_2048"": 0.0, ""frac_gt_8192"": 0.0}}",1.9457623661397245,"{""articles_in_region"": 367, ""chunksPerPage_mean"": 1.9318801089918256, ""CI95"": [1.67574931880109, 2.22350136239782], ""entryIndexCutoff_est"": 100775, ""production_chain_ratio"": 1.9457623661397245}"
medlineplus.gov_en_all_2025-01.zim,medical-survival-small,14940,162,301,139,True,mixed-dataset run (seed 11; stops when >= min kept chunks AND >= min articles),8.067901234567902,"[6.969135802469136, 9.203858024691357]",3.0,17.0,28.389999999999986,30,0.0,0.4506172839506173,7.506172839506172,35657.358024691355,32601.5,0,1307,598.344299923489,237,17.0,1966.0000000000064,0.05891354246365723,"[529.0993033172173, 680.8356921518383]",1846.4644223412395,608.3236419280796,385.89288446824787,188.0,364.265493496557,62.0,237.982402448355,JSON bytes of the Qdrant payload (text included in total; archive = 6 archive_* fields; titles = article_title+section_title+full_title+hierarchy+article_path; fixed = other keys),120534.44444444445,"[104118.88888888889, 137505.63888888888]",222562563.33333334,73323952.22222224,72121097.77777779,113723,0.9434896433476829,"{""n"": 1307, ""chars_mean"": 598.344299923489, ""chars_median"": 237, ""class"": ""medical-survival-small"", ""nomic-embed-text-v1.5"": {""mean"": 141.23106350420812, ""median"": 60, ""p10"": 11, ""p90"": 455, ""p99"": 722, ""max"": 826, ""n"": 1307, ""chars_per_token"": 4.23663381891662, ""frac_gt_512"": 0.090283091048202, ""frac_gt_1024"": 0.0, ""frac_gt_2048"": 0.0, ""frac_gt_8192"": 0.0}, ""embeddinggemma-300m"": {""mean"": 128.95944912012243, ""median"": 52, ""p10"": 4, ""p90"": 430, ""p99"": 679, ""max"": 832, ""n"": 1307, ""chars_per_token"": 4.639786413527143, ""frac_gt_512"": 0.08569242540168324, ""frac_gt_1024"": 0.0, ""frac_gt_2048"": 0.0, ""frac_gt_8192"": 0.0}, ""qwen3-embedding-0.6b"": {""mean"": 132.7398622800306, ""median"": 52, ""p10"": 4, ""p90"": 438, ""p99"": 704, ""max"": 815, ""n"": 1307, ""chars_per_token"": 4.507645929760045, ""frac_gt_512"": 0.08798775822494262, ""frac_gt_1024"": 0.0, ""frac_gt_2048"": 0.0, ""frac_gt_8192"": 0.0}}",,
wikibooks_en_all_maxi_2026-01.zim,wikibooks,102193,428,1457,1029,True,mixed-dataset run (seed 11; stops when >= min kept chunks AND >= min articles),3.553738317757009,"[2.68446261682243, 4.5865654205607465]",1.0,6.0,45.92000000000007,186,0.0,0.0,1.0,30387.67523364486,9816.5,0,1521,2473.3957922419463,3000,750,3000,0.7034845496383958,"[2298.6775267778753, 2601.9333279684956]",4468.252465483235,2511.838921761999,1165.387902695595,197.0,312.21696252465483,61.0,220.8086785009862,JSON bytes of the Qdrant payload (text included in total; archive = 6 archive_* fields; titles = article_title+section_title+full_title+hierarchy+article_path; fixed = other keys),363167.17990654206,"[274333.2882009346, 468714.8800233644]",1622722647.0000002,912217457.5957944,898256174.6612151,450190,1.2396219287102224,"{""n"": 1300, ""chars_mean"": 2391.7907692307695, ""chars_median"": 2999.0, ""class"": ""wikibooks"", ""nomic-embed-text-v1.5"": {""mean"": 624.8246153846154, ""median"": 625, ""p10"": 145, ""p90"": 1024, ""p99"": 1516, ""max"": 1715, ""n"": 1300, ""chars_per_token"": 3.8279394094589003, ""frac_gt_512"": 0.7246153846153847, ""frac_gt_1024"": 0.1, ""frac_gt_2048"": 0.0, ""frac_gt_8192"": 0.0}, ""embeddinggemma-300m"": {""mean"": 603.0007692307693, ""median"": 605, ""p10"": 140, ""p90"": 966, ""p99"": 1420, ""max"": 2787, ""n"": 1300, ""chars_per_token"": 3.966480461180685, ""frac_gt_512"": 0.7092307692307692, ""frac_gt_1024"": 0.07615384615384616, ""frac_gt_2048"": 0.004615384615384616, ""frac_gt_8192"": 0.0}, ""qwen3-embedding-0.6b"": {""mean"": 614.5330769230769, ""median"": 614, ""p10"": 143, ""p90"": 1012, ""p99"": 1534, ""max"": 2784, ""n"": 1300, ""chars_per_token"": 3.892045618124079, ""frac_gt_512"": 0.7184615384615385, ""frac_gt_1024"": 0.09384615384615384, ""frac_gt_2048"": 0.004615384615384616, ""frac_gt_8192"": 0.0}}",3.2601422041645507,"{""articles_in_region"": 412, ""chunksPerPage_mean"": 3.5970873786407767, ""CI95"": [2.703640776699029, 4.79896844660194], ""entryIndexCutoff_est"": 113539, ""production_chain_ratio"": 3.2601422041645507}"
wikipedia_en_all_maxi_2026-02.zim,wikipedia,8425786,13008,29602,16594,True,dataset run (seed 101),2.344787822878229,"[2.2865909440344403, 2.4055984778597783]",1.0,4.0,17.0,76,0.0,0.0,1.0,43884.09186654366,28044.5,0,30501,2162.1805842431395,2999,360,3000,0.5480148191862562,"[2138.9499055654987, 2184.99040300985]",3964.330480967837,2203.7316809284944,1105.7198452509754,181.0,192.84980820300973,61.0,220.02914658535786,JSON bytes of the Qdrant payload (text included in total; archive = 6 archive_* fields; titles = article_title+section_title+full_title+hierarchy+article_path; fixed = other keys),19756680.41097786,"[19266325.96397217, 20269057.97637223]",78322010355.9797,43538422531.65129,42717510793.7131,261368,0.013229347975622974,"{""n"": 2000, ""chars_mean"": 2172.075, ""chars_median"": 2999.0, ""class"": ""wikipedia"", ""nomic-embed-text-v1.5"": {""mean"": 544.56, ""median"": 626, ""p10"": 97, ""p90"": 860, ""p99"": 1145, ""max"": 1685, ""n"": 2000, ""chars_per_token"": 3.9886789334508594, ""frac_gt_512"": 0.642, ""frac_gt_1024"": 0.032, ""frac_gt_2048"": 0.0, ""frac_gt_8192"": 0.0}, ""embeddinggemma-300m"": {""mean"": 612.095, ""median"": 661, ""p10"": 96, ""p90"": 1015, ""p99"": 1426, ""max"": 2951, ""n"": 2000, ""chars_per_token"": 3.5485913134399074, ""frac_gt_512"": 0.667, ""frac_gt_1024"": 0.0935, ""frac_gt_2048"": 0.003, ""frac_gt_8192"": 0.0}, ""qwen3-embedding-0.6b"": {""mean"": 631.734, ""median"": 679, ""p10"": 100, ""p90"": 1050, ""p99"": 1459, ""max"": 2951, ""n"": 2000, ""chars_per_token"": 3.438274653572548, ""frac_gt_512"": 0.6745, ""frac_gt_1024"": 0.12, ""frac_gt_2048"": 0.0035, ""frac_gt_8192"": 0.0}}",1.98212380473075,"{""articles_in_region"": 153, ""chunksPerPage_mean"": 1.8169934640522876, ""CI95"": [1.4836601307189543, 2.294281045751633], ""entryIndexCutoff_est"": 216621, ""production_chain_ratio"": 1.98212380473075}"
wikipedia_en_medicine_maxi_2026-01.zim,wikipedia-medicine,101665,412,1858,1446,True,mixed-dataset run (seed 11; stops when >= min kept chunks AND >= min articles),3.262135922330097,"[2.757220873786408, 3.87633495145631]",1.0,8.0,25.66999999999996,66,0.0,0.0,1.0,53605.65776699029,27258.5,0,1344,2369.0178571428573,3000.0,151.90000000000003,3000.0,0.6763392857142857,"[2239.5283705958677, 2458.018180029316]",4406.587797619048,2397.8147321428573,1307.7745535714287,227.0,187.65104166666666,66.0,220.34747023809524,JSON bytes of the Qdrant payload (text included in total; archive = 6 archive_* fields; titles = article_title+section_title+full_title+hierarchy+article_path; fixed = other keys),331645.0485436893,"[280312.8601334952, 394087.59283980576]",1461423024.0533981,795223383.2402912,785673042.2330097,399510,1.204631282011649,"{""n"": 1303, ""chars_mean"": 2352.4804297774367, ""chars_median"": 2999, ""class"": ""wikipedia-medicine"", ""nomic-embed-text-v1.5"": {""mean"": 612.3115886415964, ""median"": 639, ""p10"": 26, ""p90"": 1010, ""p99"": 1186, ""max"": 1885, ""n"": 1303, ""chars_per_token"": 3.8419662038348443, ""frac_gt_512"": 0.7498081350729087, ""frac_gt_1024"": 0.08749040675364543, ""frac_gt_2048"": 0.0, ""frac_gt_8192"": 0.0}, ""embeddinggemma-300m"": {""mean"": 645.6538756715272, ""median"": 610, ""p10"": 22, ""p90"": 1163, ""p99"": 1511, ""max"": 2767, ""n"": 1303, ""chars_per_token"": 3.6435627794082164, ""frac_gt_512"": 0.750575594781274, ""frac_gt_1024"": 0.16653875671527243, ""frac_gt_2048"": 0.007674597083653108, ""frac_gt_8192"": 0.0}, ""qwen3-embedding-0.6b"": {""mean"": 669.974673829624, ""median"": 640, ""p10"": 22, ""p90"": 1201, ""p99"": 1548, ""max"": 2767, ""n"": 1303, ""chars_per_token"": 3.5112975485035687, ""frac_gt_512"": 0.762854950115119, ""frac_gt_1024"": 0.18649270913277052, ""frac_gt_2048"": 0.007674597083653108, ""frac_gt_8192"": 0.0}}",3.0759878419452886,"{""articles_in_region"": 400, ""chunksPerPage_mean"": 3.215, ""CI95"": [2.682375, 3.895], ""entryIndexCutoff_est"": 341320, ""production_chain_ratio"": 3.0759878419452886}"
