file,class,sizeBytes,sizeGB,date,title,zimVersion,headerEntryCount,articleCount_libzim_as_NOMAD_sees_it,mediaCount_libzim,counterTextHtml,counterXhtml,counterHtmlOtherCharset,realHtmlPages_NOMAD,counterMediaItems,redirectsInferred,articleCountMinusRealPages,counterRaw,zimUuid,productionPoints,productionPointsPerRealPage,libzimEntryCount,libzimAllEntryCount,libzimArticleCount,libzimMediaCount,chainOffsetArticles,chainChunksSoFar,chainChunksPerArticle_firstRegion,chainProgressByRealPages,assetsBlock,note
100r.co_en_all_2026-08.zim,cooking-misc,177187648,0.177,2026-08-31,Hundred Rabbits,6.3,2152,328,1791,328,,0,328,1793,16,0,application/json=2;application/json+protobuf=1;font/woff2=2;image/gif=4;image/jpeg=1576;image/png=207;image/svg+xml=2;text/css=2;text/html=328;text/javascript=10;video/mp4=2,0c206d10183a74ace27bfc898e613661,1981,6.039634146341464,,,,,,,,,,
arduino.stackexchange.com_en_all_2026-07.zim,stackexchange,259175193,0.259,2026-07-31,Arduino Q&A,6.3,120228,46624,10735,50153,,0,50153,10735,59310,-3529,application/javascript=14;application/json=1;image/gif=1;image/png=14;image/svg+xml=52;image/vnd.microsoft.icon=1;image/webp=10667;text/css=5;text/html=50153;text/javascript=10,46f0dd74312bebee24558dbf8de51d89,131601,2.6239905887982773,,,,,,,,,,
based.cooking_en_all_2026-08.zim,cooking-misc,15774733,0.016,2026-08-11,based.cooking LukeSmith,6.3,836,500,140,500,,0,500,140,192,0,image/png=2;image/svg+xml=4;image/webp=134;text/css=1;text/html=500;text/javascript=3,66400cc69505f37089ac7a801f583cd8,1150,2.3,,,,,,,,,,
canadian-prepper_en_preppingfood_2026-07.zim,prepper-selfreliance,2160662880,2.161,2026-07-23,Canadian prepper,6.3,503,92,187,92,,0,92,202,15,0,application/javascript=15;application/json=95;application/vnd.ms-fontobject=1;application/wasm=15;font/sfnt=1;font/woff=7;font/woff2=7;image/jpeg=5;image/png=3;image/webp=89;text/css=1;text/html=92;text/javascript=15;text/markdown=1;text/plain=10;text/vtt=41;video/webm=90,f7234286b901b68b48280d08c585614a,,,,,,,,,,,,
canadian_prepper_bugoutroll_en_2025-08.zim,prepper-selfreliance,974564981,0.975,2025-08-31,Canadian Prepper,6.3,301,42,96,42,,0,42,111,15,0,application/javascript=15;application/json=45;application/vnd.ms-fontobject=1;application/wasm=15;font/sfnt=1;font/woff=7;font/woff2=7;image/jpeg=13;image/png=3;image/webp=40;text/css=1;text/html=42;text/javascript=15;text/markdown=1;text/plain=10;text/vtt=30;video/webm=40,a77d610fe07753211498b2561a25d1a1,,,,,,,,,,,,
cd3wdproject.org_en_all_2025-11.zim,prepper-selfreliance,581165229,0.581,2025-11-12,CD3WD Project,6.2,64024,13297,50687,13220,,0,13220,50765,17,77,application/javascript=1;application/json=1;application/msword=3;application/pdf=77;application/vnd.ms-access=1;application/vnd.ms-excel=5;application/vnd.ms-powerpoint=3;font/woff2=1;image/gif=44489;image/jpeg=2322;image/svg+xml=1;image/webp=3874;image/x-icon=1;text/css=4;text/html=13220;text/javascript=4,61960124489af6e3daf2575e0add49ff,1181,0.08933434190620272,,,,,,,,,,
cooking.stackexchange.com_en_all_2026-07.zim,stackexchange,237005541,0.237,2026-07-31,Cooking Q&A (Seasoned Advice),6.3,166113,59578,7425,63608,,0,63608,7425,95050,-4030,application/javascript=14;application/json=1;image/gif=1;image/png=14;image/svg+xml=45;image/vnd.microsoft.icon=1;image/webp=7364;text/css=5;text/html=63608;text/javascript=10,bc152b4ce7f50cfbaaf0817ab430f243,152969,2.4048704565463463,,,,,,,,,,
devdocs_en_bash_2026-04.zim,devdocs,558428,0.001,2026-04-04,Bash Docs,6.3,152,132,0,132,,0,132,0,17,0,application/json=1;text/css=1;text/html=132;text/plain=1,c3e2c0cacbd7bc02c0741eb710591173,148,1.121212121212121,,,,,,,,,,
devdocs_en_css_2026-07.zim,devdocs,4885726,0.005,2026-07-03,CSS Docs,6.3,1121,1101,0,1101,,0,1101,0,17,0,application/json=1;text/css=1;text/html=1101;text/plain=1,4ce78d21fe7f90acc483415008e0966f,8690,7.892824704813806,,,,,,,,,,
devdocs_en_docker_2026-07.zim,devdocs,1782106,0.002,2026-07-03,Docker Docs,6.3,307,287,0,287,,0,287,0,17,0,application/json=1;text/css=1;text/html=287;text/plain=1,29af12e456617cb8bd3148bc1be9e847,2811,9.794425087108014,,,,,,,,,,
devdocs_en_git_2026-07.zim,devdocs,1577999,0.002,2026-07-03,Git Docs,6.3,226,206,0,206,,0,206,0,17,0,application/json=1;text/css=1;text/html=206;text/plain=1,3da50700cc9e7dee6571a4cc68ac3982,3304,16.038834951456312,,,,,,,,,,
devdocs_en_html_2026-07.zim,devdocs,1721277,0.002,2026-07-03,HTML Docs,6.3,272,252,0,252,,0,252,0,17,0,application/json=1;text/css=1;text/html=252;text/plain=1,b9344d45a23f9b5791615e076ea188f7,2563,10.170634920634921,,,,,,,,,,
devdocs_en_javascript_2026-07.zim,devdocs,2695170,0.003,2026-07-03,JavaScript Docs,6.3,1311,1291,0,1291,,0,1291,0,17,0,application/json=1;text/css=1;text/html=1291;text/plain=1,a3203ad81331e2acd83db496aec929fd,8880,6.878388845855926,,,,,,,,,,
devdocs_en_node_2026-08.zim,devdocs,1416442,0.001,2026-08-02,Node.js Docs,6.3,85,65,0,65,,0,65,0,17,0,application/json=1;text/css=1;text/html=65;text/plain=1,586847adc37e43157e13c37fad53fc81,6724,103.44615384615385,,,,,,,,,,
devdocs_en_python_2026-08.zim,devdocs,4390070,0.004,2026-08-02,Python Docs,6.3,517,497,0,497,,0,497,0,17,0,application/json=1;text/css=1;text/html=497;text/plain=1,3dde741a212384b25c7878bc63764376,6387,12.851106639839035,502,517,497,0,,,,,,
devdocs_en_react_2026-05.zim,devdocs,2699686,0.003,2026-05-20,React Docs,6.3,199,179,0,179,,0,179,0,17,0,application/json=1;text/css=1;text/html=179;text/plain=1,d903dced3a7da761127076cfbf9ed542,2118,11.832402234636872,,,,,,,,,,
diy.stackexchange.com_en_all_2026-08.zim,stackexchange,2062547155,2.063,2026-08-03,Home Improvement Q&A,6.3,519277,165653,97970,177225,,0,177225,97970,244048,-11572,application/javascript=14;application/json=1;application/octet-stream=3;image/gif=1;image/png=14;image/svg+xml=46;image/vnd.microsoft.icon=1;image/webp=97908;text/css=5;text/html=177225;text/javascript=10;text/plain=1,2e8aee9a7ef2406997af83d4ccef0fc1,519821,2.933113274086613,,,,,98100,256512,2.61480122324159,0.5535336436732966,,
electronics.stackexchange.com_en_all_2026-08.zim,stackexchange,4214186044,4.214,2026-08-01,Electronics Q&A,6.3,1230920,324255,305578,352283,,0,352283,305578,572993,-28028,application/javascript=14;application/json=1;application/octet-stream=2;image/gif=1;image/png=14;image/svg+xml=124;image/vnd.microsoft.icon=1;image/webp=305438;text/css=5;text/html=352283;text/javascript=10;text/plain=34,c7f8f834123280ba186ba6677e2e4225,418950,1.1892427395020482,,,,,99450,210994,2.1216088486676723,0.2823014451449545,,
fas-military-medicine_en_2025-06.zim,medical-survival-small,81455189,0.081,2025-06-13,Military Medicine,6.2,49,26,2,1,,0,1,27,17,25,application/pdf=25;image/gif=2;text/css=1;text/html=1;text/javascript=3,c9b538a7f8a14b171c585f19a3491c7c,1,1.0,,,,,,,,,,
foss.cooking_en_all_2026-05.zim,cooking-misc,24238743,0.024,2026-05-06,FOSS cooking,6.3,913,719,154,719,,0,719,154,31,0,application/javascript=1;application/manifest+json=1;image/avif=2;image/vnd.microsoft.icon=1;image/webp=151;text/css=2;text/html=719;text/javascript=5,37a9975843a06ba3cd541af556369eee,46,0.06397774687065369,,,,,,,,,,
freecodecamp_en_all_2026-08.zim,devdocs,7892996,0.008,2026-08-21,FreeCodeCamp,6.3,2149,996,4,996,,0,996,41,16,0,application/javascript=311;application/json=20;font/woff=37;image/png=1;image/svg+xml=3;text/css=2;text/html=996;text/javascript=3;text/markdown=759;text/plain=1,b237d3c64ce9b57f411a3ccb8cc24367,,,,,,,,,,,,
gardening.stackexchange.com_en_all_2026-08.zim,stackexchange,926805273,0.927,2026-08-01,Gardening & Landscaping Q&A,6.3,104740,32332,23728,35240,,0,35240,23728,45741,-2908,application/javascript=14;application/json=1;application/octet-stream=1;image/gif=1;image/png=14;image/svg+xml=41;image/vnd.microsoft.icon=1;image/webp=23671;text/css=5;text/html=35240;text/javascript=10,ea76eed7ac17fa14e60ea4d767febef8,91406,2.5938138479001136,,,,,,,,,,
gutenberg_en_lcc-s_2026-03.zim,gutenberg,4532683039,4.533,2026-03-06,Project Gutenberg Library,6.3,36482,1258,31526,2040,,0,2040,32266,16,-782,application/epub+zip=729;application/javascript=6;application/vnd.ms-fontobject=1;application/vnd.ms-opentype=1;audio/midi=6;font/sfnt=10;font/woff=1;image/gif=139;image/jpeg=25220;image/png=6158;image/svg+xml=2;image/vnd.microsoft.icon=1;text/css=12;text/html=2040;text/javascript=2133;text/plain=1;text/x-lilypond=6,4dc2d53998f70b7672560943f0c52e60,105428,51.680392156862744,,,,,,,,,,
gutenberg_en_lcc-u_2026-03.zim,gutenberg,1288016430,1.288,2026-03-06,Project Gutenberg Library,6.3,12227,425,10499,680,,0,680,10763,16,-255,application/epub+zip=253;application/javascript=6;application/vnd.ms-fontobject=1;application/vnd.ms-opentype=1;audio/midi=42;font/sfnt=10;font/woff=1;image/gif=20;image/jpeg=9095;image/png=1340;image/svg+xml=1;image/vnd.microsoft.icon=1;text/css=12;text/html=680;text/javascript=705;text/plain=1;text/x-lilypond=42,16d93d7f08245989d3016672abe3b038,41604,61.18235294117647,,,,,,,,,,
ham.stackexchange.com_en_all_2026-08.zim,stackexchange,75931239,0.076,2026-08-02,Amateur Radio Q&A,6.3,28843,9238,3610,10173,,0,10173,3610,15023,-935,application/javascript=14;application/json=1;image/gif=1;image/png=14;image/svg+xml=37;image/vnd.microsoft.icon=1;image/webp=3557;text/css=5;text/html=10173;text/javascript=10;text/plain=7,7d3391aac375a479c5de7d2916058123,31017,3.048953111176644,,,,,,,,,,
ifixit_en_all_2025-12.zim,ifixit,3570695757,3.571,2025-12-21,iFixit in English,6.2,894836,103480,575002,253845,,0,253845,575010,65959,-150365,application/javascript=1;application/vnd.ms-fontobject=1;font/sfnt=1;font/woff=1;font/woff2=6;image/gif=3;image/jpeg=15;image/png=24;image/svg+xml=5;image/vnd.microsoft.icon=1;image/webp=574954;text/css=18;text/html=253845;text/javascript=2,bff12bdb1fac6ab0ed6c9f5f030722b3,190783,0.7515728101794402,,,,,98050,190782,1.9457623661397245,0.38625933148180974,,
libretexts.org_en_bio_2025-01.zim,libretexts,2240946728,2.241,2025-01-16,Biology LibreTexts,6.2,97499,27000,43340,27000,,0,27000,43386,15,0,application/javascript=76;application/json=27006;application/vnd.lotus-organizer=1;application/vnd.ms-fontobject=3;application/x-sega-pico-rom=1;font/sfnt=7;font/woff=32;font/woff2=7;image/gif=3;image/jpeg=853;image/png=331;image/svg+xml=2151;image/vnd.microsoft.icon=2;image/webp=40000;text/css=5;text/html=27000;text/markdown=1;text/plain=3;text/xml=2,2653204e60edfdf5ea4c54558e61155e,11,0.0004074074074074074,,,,,,,,,,
libretexts.org_en_biz_2026-01.zim,libretexts,839753856,0.84,2026-01-16,Business LibreTexts,6.2,79702,27655,24250,27655,,0,27655,24296,15,0,application/javascript=73;application/json=27650;application/octet-stream=1;application/vnd.lotus-organizer=1;application/vnd.ms-fontobject=3;font/sfnt=7;font/woff=32;font/woff2=7;image/jpeg=54;image/png=59;image/svg+xml=118;image/vnd.microsoft.icon=2;image/webp=24017;text/css=5;text/html=27655;text/markdown=1;text/plain=2,24899ca549f8e45ab39b16e99031f1f5,153,0.005532453444223468,,,,,,,,,,
libretexts.org_en_chem_2025-01.zim,libretexts,2182916266,2.183,2025-01-16,Chemistry LibreTexts,6.2,297009,89351,118333,89351,,0,89351,118381,15,0,application/javascript=129;application/json=89115;application/octet-stream=1;application/pdf=2;application/vnd.lotus-organizer=1;application/vnd.ms-fontobject=3;application/x-sega-pico-rom=1;font/sfnt=7;font/woff=32;font/woff2=7;image/bmp=74;image/gif=113;image/jpeg=1005;image/png=542;image/svg+xml=4006;image/vnd.microsoft.icon=2;image/webp=112591;text/css=5;text/html=89351;text/markdown=1;text/plain=3;text/xml=3,36f05da6aaf80df2217f40d231431a67,150,0.0016787724815614823,,,,,,,,,,
libretexts.org_en_eng_2025-01.zim,libretexts,678394631,0.678,2025-01-16,Engineering LibreTexts,6.2,72131,19644,32696,19644,,0,19644,32742,16,0,application/javascript=98;application/json=19618;application/vnd.lotus-organizer=1;application/vnd.ms-fontobject=3;application/x-sc=1;font/sfnt=7;font/woff=32;font/woff2=7;image/gif=1;image/jpeg=118;image/png=201;image/svg+xml=483;image/vnd.microsoft.icon=2;image/webp=31891;text/css=5;text/html=19644;text/markdown=1;text/plain=2,59a2e8059f926dd65faea23b0f276149,33,0.001679902260232132,,,,,,,,,,
libretexts.org_en_geo_2026-01.zim,libretexts,1188116861,1.188,2026-01-16,Geosciences LibreTexts,6.2,45164,10080,24851,10080,,0,10080,24897,15,0,application/javascript=73;application/json=10087;application/vnd.lotus-organizer=1;application/vnd.ms-fontobject=3;font/sfnt=7;font/woff=32;font/woff2=7;image/avif=1;image/jpeg=10;image/png=22;image/svg+xml=450;image/vnd.microsoft.icon=2;image/webp=24366;text/css=5;text/html=10080;text/markdown=1;text/plain=2,598377fb235f63d7fe27135715130af0,35,0.003472222222222222,,,,,,,,,,
libretexts.org_en_human_2026-07.zim,libretexts,4433682987,4.434,2026-07-03,Humanities LibreTexts,6.2,233766,70113,93474,70113,,0,70113,93543,19,0,application/gzip=1;application/javascript=77;application/json=70000;application/pdf=23;application/vnd.lotus-organizer=1;application/vnd.ms-fontobject=3;font/sfnt=7;font/woff=32;font/woff2=7;image/avif=5;image/gif=101;image/jp2=2;image/jpeg=109;image/png=60;image/svg+xml=1050;image/vnd.microsoft.icon=2;image/webp=92145;text/css=5;text/html=70113;text/markdown=1;text/plain=3,6b750d2a512cb69f370583526b73cc94,100,0.0014262690228630925,,,,,,,,,,
libretexts.org_en_math_2026-01.zim,libretexts,830646230,0.831,2026-01-16,Mathematics LibreTexts,6.2,145441,38289,68804,38289,,0,38289,68850,15,0,application/javascript=85;application/json=38189;application/octet-stream=1;application/vnd.lotus-organizer=1;application/vnd.ms-fontobject=3;font/sfnt=7;font/woff=32;font/woff2=7;image/jpeg=469;image/png=101;image/svg+xml=2912;image/vnd.microsoft.icon=2;image/webp=65320;text/css=5;text/html=38289;text/markdown=1;text/plain=2,ff5094dca92a04c473fa7314603d6ab5,1,2.611716158687874e-05,,,,,,,,,,
libretexts.org_en_med_2025-01.zim,libretexts,1192567339,1.193,2025-01-16,Medicine LibreTexts,6.2,77274,23171,30785,23171,,0,23171,30831,16,0,application/javascript=73;application/json=23171;application/vnd.lotus-organizer=1;application/vnd.ms-fontobject=3;font/sfnt=7;font/woff=32;font/woff2=7;image/jpeg=15;image/png=152;image/svg+xml=641;image/vnd.microsoft.icon=2;image/webp=29975;text/css=5;text/html=23171;text/markdown=1;text/plain=2,bfa1e3b61ede5d20d4a8c3a331c1b7e7,16,0.0006905183203141859,,,,,,,,,,
libretexts.org_en_phys_2026-01.zim,libretexts,559554453,0.56,2026-01-16,Physics LibreTexts,6.2,62642,18480,25591,18480,,0,18480,25637,15,0,application/javascript=181;application/json=18313;application/octet-stream=1;application/vnd.lotus-organizer=1;application/vnd.ms-fontobject=3;application/x-sega-pico-rom=2;font/sfnt=7;font/woff=32;font/woff2=7;image/gif=3;image/jpeg=68;image/png=73;image/svg+xml=95;image/vnd.microsoft.icon=2;image/webp=25350;text/css=5;text/html=18480;text/markdown=1;text/plain=3,4a1d922efd8a5c00f9af154421a3caf7,65,0.0035173160173160175,,,,,,,,,,
lrnselfreliance_en_all_2026-06.zim,prepper-selfreliance,3974037899,3.974,2026-06-28,Learning Self-Reliance,6.3,802,179,314,179,,0,179,329,16,0,application/javascript=15;application/json=182;application/vnd.ms-fontobject=1;application/wasm=15;font/sfnt=1;font/woff=7;font/woff2=7;image/jpeg=3;image/png=3;image/webp=154;text/css=1;text/html=179;text/javascript=15;text/markdown=1;text/plain=10;text/vtt=38;video/webm=154,2c973481bdebc42593d8b939f4a5a901,,,,,,,,,,,,
mechanics.stackexchange.com_en_all_2026-08.zim,stackexchange,339833641,0.34,2026-08-04,Motor Vehicle Mechanics,6.3,142920,54909,12492,59738,,0,59738,12492,70660,-4829,application/javascript=14;application/json=1;image/gif=1;image/png=14;image/svg+xml=71;image/vnd.microsoft.icon=1;image/webp=12405;text/css=5;text/html=59738;text/javascript=10,0fea6bdc686148305227e7de417f9822,156140,2.6137466938966822,,,,,,,,,,
medlineplus.gov_en_all_2025-01.zim,medical-survival-small,1944841111,1.945,2025-01-04,MedlinePlus,6.2,28715,17791,8318,14940,,0,14940,11175,1378,2851,application/javascript=15;application/json=1;application/octet-stream=2;application/pdf=2851;application/xml-dtd=3;application/zip=6;binary/octet-stream=2;font/woff2=6;image/gif=79;image/jpeg=7842;image/png=206;image/svg+xml=30;image/vnd.microsoft.icon=2;image/x-icon=1;text/css=37;text/html=14940;text/javascript=27;text/vtt=82;text/xml=1047;video/mp4=158,2a11f796044c946892ce429e83a41316,113723,7.611981258366801,,,,,,,,,,
nhs.uk_en_medicines_2025-12.zim,medical-survival-small,16946183,0.017,2025-12-14,NHS' Medicines A to Z,6.2,2081,1996,32,1996,,0,1996,32,22,0,application/javascript=4;application/json=3;application/octet-stream=2;application/x-mpegURL=9;image/jpeg=9;image/png=1;image/x-icon=1;text/css=2;text/html=1996;text/javascript=6;text/vtt=5;video/MP2T=21,6281afd5022e28f918ca3d2372ab8580,10385,5.202905811623246,,,,,,,,,,
outdoors.stackexchange.com_en_all_2026-08.zim,stackexchange,141407927,0.141,2026-08-04,The Great Outdoors Q&A,6.3,41413,12969,4994,14030,,0,14030,4994,22358,-1061,application/javascript=14;application/json=1;image/gif=1;image/png=14;image/svg+xml=38;image/vnd.microsoft.icon=1;image/webp=4940;text/css=5;text/html=14030;text/javascript=10;text/plain=1,503eb1c732d8b6efa19c8c4b6e06ff2a,42195,3.0074839629365644,,,,,,,,,,
raspberrypi.stackexchange.com_en_all_2026-08.zim,stackexchange,298462727,0.298,2026-08-04,Raspberry Pi Q&A,6.3,180518,77213,10059,82526,,0,82526,10059,87903,-5313,application/javascript=14;application/json=1;image/gif=1;image/png=14;image/svg+xml=63;image/vnd.microsoft.icon=1;image/webp=9980;text/css=5;text/html=82526;text/javascript=10,284e5d632cc4e39d178336251a28034a,206522,2.502508300414415,,,,,,,,,,
robotics.stackexchange.com_en_all_2026-08.zim,stackexchange,243724181,0.244,2026-08-04,Robotics Q&A,6.3,175603,57248,8483,63353,,0,63353,8483,103736,-6105,application/javascript=14;application/json=1;image/gif=1;image/png=14;image/svg+xml=67;image/vnd.microsoft.icon=1;image/webp=8400;text/css=5;text/html=63353;text/javascript=10;text/plain=1,7d061d242af6511e97187296e3416cf2,144181,2.275835398481524,,,,,,,,,,
urban-prepper_en_all_2026-08.zim,prepper-selfreliance,2245235674,2.245,2026-08-27,Urban Prepper,6.3,711,130,256,130,,0,130,271,16,0,application/javascript=15;application/json=133;application/vnd.ms-fontobject=1;application/wasm=15;font/sfnt=1;font/woff=7;font/woff2=7;image/jpeg=6;image/png=3;image/webp=122;text/css=1;text/html=130;text/javascript=15;text/markdown=1;text/plain=10;text/vtt=103;video/webm=125,4a893d4b9de3686064a18faa5312349c,,,,,,,,,,,,
wikibooks_en_all_maxi_2026-01.zim,wikibooks,5450038728,5.45,2026-01-27,Wikibooks,6.3,365544,118834,246361,102193,,0,102193,102257,16658,16641,"application/javascript=4;application/pdf=283;image/apng=3;image/gif=3213;image/jpeg=32;image/png=25;image/svg+xml=30;image/svg+xml; charset=utf-8; profile=""https://www.mediawiki.org/wiki/Specs/SVG/1.0.0""=144387;image/webp=98671;text/css=41;text/html=102193;text/html; charset=iso-8859-1=1;text/javascript=3",621ce95c61aadd12273fba19fb93927b,450190,4.405291947589365,,,,,98450,320961,3.2601422041645507,0.9633732251719785,,
wikibooks_en_all_nopic_2026-01.zim,wikibooks,3063885848,3.064,2026-01-27,Wikibooks,6.3,261318,118834,142135,102193,,0,102193,321,16658,16641,"application/javascript=4;application/pdf=283;image/gif=1;image/png=7;image/svg+xml=30;image/svg+xml; charset=utf-8; profile=""https://www.mediawiki.org/wiki/Specs/SVG/1.0.0""=142097;text/css=41;text/html=102193;text/html; charset=iso-8859-1=1;text/javascript=3",cf824f4c128f5cc8c20d13da1bb33a72,412420,4.035697161253706,,,,,98550,320934,3.256560121765601,0.9643517657765209,,
wikipedia_en_100_mini_2026-01.zim,wikipedia-mini,4537782,0.005,2026-01-15,Wikipedia 100,6.3,5133,4985,108,1301,,0,1301,108,3701,3684,application/javascript=4;image/png=5;image/svg+xml=8;image/webp=95;text/css=16;text/html=1301;text/javascript=3,f33283c00d003ceb20ba69d9b793a4dd,1402,1.0776325903151422,,,,,,,,,,
wikipedia_en_all_maxi_2026-02.zim,wikipedia,123980647016,123.981,2026-02-15,Wikipedia,6.3,27199921,18982214,8217604,8425786,,0,8425786,7642504,10556445,10556428,"application/javascript=4;application/pdf=37;font/ttf=1;image/apng=9;image/gif=54368;image/jpeg=1926;image/png=542;image/svg+xml=25;image/svg+xml; charset=utf-8; profile=""https://www.mediawiki.org/wiki/Specs/SVG/1.0.0""=575138;image/webp=7585596;text/css=40;text/html=8425786;text/html; charset=iso-8859-1=1;text/javascript=3",53a8f711f7f9ec2308fc38fcf579ba32,261368,0.031020014037859495,27199904,27199921,18982214,8217604,99350,196924,1.98212380473075,0.011791184822401138,"[18813058, 27030669]",libzim values measured with the harness (node-libzim 4.0.0 / libzim 9.4.0)
wikipedia_en_medicine_maxi_2026-01.zim,wikipedia-medicine,2190845681,2.191,2026-01-11,WikiMed Medical Encyclopedia,6.3,460781,360628,100098,101665,,0,101665,94521,258980,258963,"application/javascript=4;image/gif=1690;image/jpeg=66;image/png=17;image/svg+xml=17;image/svg+xml; charset=utf-8; profile=""https://www.mediawiki.org/wiki/Specs/SVG/1.0.0""=5577;image/webp=92731;text/css=30;text/html=101665;text/html; charset=iso-8859-1=1;text/javascript=3",7c0628f8ccb2bd10db3d52bc1179c191,399510,3.9296709782127577,,,,,98700,303600,3.0759878419452886,0.9708355874686471,,
wikiversity_en_all_maxi_2026-02.zim,wikiversity,2388867771,2.389,2026-02-05,Wikiversity,6.3,210405,69407,138856,54134,,0,54134,51978,15290,15273,"application/javascript=4;application/pdf=2074;image/gif=1024;image/jpeg=12;image/png=3;image/svg+xml=21;image/svg+xml; charset=utf-8; profile=""https://www.mediawiki.org/wiki/Specs/SVG/1.0.0""=88952;image/webp=48844;text/css=42;text/css; charset=UTF-8=1;text/html=54134;text/html; charset=iso-8859-1=1;text/javascript=3",5d3d496196d493857d2f37a869385d00,155936,2.8805556581815495,,,,,,,,,,
woodworking.stackexchange.com_en_all_2026-08.zim,stackexchange,105570459,0.106,2026-08-06,Woodworking Q&A,6.3,27023,8501,5379,9230,,0,9230,5379,12384,-729,application/javascript=14;application/json=1;image/gif=1;image/png=14;image/svg+xml=38;image/vnd.microsoft.icon=1;image/webp=5325;text/css=5;text/html=9230;text/javascript=10,5220673d1ea158a5ff213220696e7601,26122,2.83011917659805,,,,,,,,,,
www.ready.gov_en_2024-12.zim,prepper-selfreliance,2429921822,2.43,2024-12-03,Ready.gov,6.2,6738,2437,3573,2083,,0,2083,3951,201,354,application/javascript=166;application/json=49;application/json+protobuf=2;application/octet-stream=2;application/pdf=354;application/vnd.openxmlformats-officedocument.wordprocessingml.document=3;application/x-javascript=26;font/woff=4;font/woff2=20;image/gif=41;image/jpeg=1527;image/png=1739;image/svg+xml=68;image/vnd.microsoft.icon=2;text/css=231;text/html=2083;text/javascript=23;text/xml=1;video/mp4=196,17e9fb549554d2cde15f17cf750882d1,222,0.10657705232837254,,,,,,,,,,
wwwnc.cdc.gov_en_all_2024-11.zim,medical-survival-small,178326622,0.178,2024-11-14,Travelers' Health,6.2,7211,1883,4656,1878,,0,1878,4680,441,5,application/font-woff2=20;application/javascript=76;application/json=42;application/json+protobuf=2;application/manifest+json=1;application/octet-stream=4;application/pdf=5;application/x-font-ttf=1;application/x-font-woff=1;application/x-javascript=2;application/x-protobuf=8;font/woff2=19;image/avif=17;image/gif=4065;image/jpeg=215;image/pjpeg=3;image/png=312;image/svg+xml=32;image/webp=6;image/x-icon=1;image/x-png=1;text/css=31;text/html=1878;text/javascript=21;text/plain=3;video/mp4=4,b718b4d447618687603fa24511d70783,177,0.09424920127795527,,,,,,,,,,
zimgit-food-preparation_en_2025-04.zim,medical-survival-small,97822565,0.098,2025-04-11,Food for Preppers,6.2,828,1,369,2,,0,2,388,15,-1,application/javascript=212;application/json=167;application/octet-stream=1;application/pdf=17;application/wasm=15;font/sfnt=1;font/woff=1;image/png=2;image/svg+xml=366;image/vnd.microsoft.icon=1;text/css=9;text/html=2;text/javascript=2;text/plain=17,1490860ce63e73a91851ab78a712c00a,2,1.0,,,,,,,,,,
zimgit-knots_en_2024-08.zim,medical-survival-small,27945133,0.028,2024-08-29,A Library of Knots,6.2,822,1,369,2,,0,2,382,15,-1,application/javascript=212;application/json=167;application/octet-stream=1;application/pdf=11;application/wasm=15;font/sfnt=1;font/woff=1;image/png=2;image/svg+xml=366;image/vnd.microsoft.icon=1;text/css=9;text/html=2;text/javascript=2;text/plain=17,d96d70afe997af901660e22e462777f0,,,,,,,,,,,,
zimgit-medicine_en_2024-08.zim,medical-survival-small,70179585,0.07,2024-08-29,Medical Library,6.2,823,1,369,2,,0,2,383,15,-1,application/javascript=212;application/json=167;application/octet-stream=1;application/pdf=12;application/wasm=15;font/sfnt=1;font/woff=1;image/png=2;image/svg+xml=366;image/vnd.microsoft.icon=1;text/css=9;text/html=2;text/javascript=2;text/plain=17,80d8dddf1ecce5280f083193044c6413,2,1.0,,,,,,,,,,
zimgit-post-disaster_en_2024-05.zim,medical-survival-small,644665513,0.645,2024-05-25,Post Disaster Resource Library,6.2,919,1,369,2,,0,2,479,15,-1,application/javascript=212;application/json=167;application/octet-stream=1;application/pdf=108;application/wasm=15;font/sfnt=1;font/woff=1;image/png=2;image/svg+xml=366;image/vnd.microsoft.icon=1;text/css=9;text/html=2;text/javascript=2;text/plain=17,f9a43fc702bed3de7fce9dc28f8b70c5,2,1.0,,,,,,,,,,
zimgit-water_en_2024-08.zim,medical-survival-small,20924451,0.021,2024-08-29,Water Treatment Library,6.2,818,1,369,2,,0,2,378,15,-1,application/javascript=212;application/json=167;application/octet-stream=1;application/pdf=7;application/wasm=15;font/sfnt=1;font/woff=1;image/png=2;image/svg+xml=366;image/vnd.microsoft.icon=1;text/css=9;text/html=2;text/javascript=2;text/plain=17,2e17beb84d08473475d46f56f73f3610,,,,,,,,,,,,
